Fullname,Age,Job Description,Email Address,Country
Peter Brown,39,Network Specialist,pbrown@atlantacombos.com,Canada
John Faroop,41,IT Support Specialist,"jfaroop@wedoitourway.com",Scotland
Gert van Roepel,35,Java Developer,gvanroepel@amsterdameende.com,Holland
Mary Whitehead,37,Front-end Developer,mwhitehead@floridaoaks.com,USA
Brendan Cooper,40,Network Specialist,bcooper@theitguys.com,New Zealand
Lara Proops,44,Receptionist,lproops@britishexperts.com,England
Dorah Debian,29,Back-end Developer,ddebian@thesinkingvessels.com,Ireland
Koos le Grange,33,Front-end Developer,klegrange@johannesburgboffins.com,South Africa
Barnie Black,38,IT Support Specialist,bblack@topspecialistsforever.com,Wales
